ID,Employment Type
0,4
1,3
2,5
3,1
4,4
5,3
6,3
7,5
8,5
9,3
10,1
11,3
12,5
13,1
14,4
15,5
16,3
17,3
18,1
19,3
20,1
21,3
22,2
23,3
24,1
25,3
26,5
27,2
28,4
29,3
30,1
31,3
32,4
33,3
34,3
35,3
36,3
37,3
38,1
39,5
40,5
41,5
42,3
43,3
44,4
45,5
46,1
47,5
48,5
49,5
50,4
51,3
52,1
53,5
54,3
55,3
56,5
57,1
58,3
59,5
60,3
61,1
62,3
63,5
64,3
65,3
66,3
67,1
68,5
69,3
70,3
71,2
72,5
73,3
74,2
75,3
76,5
77,3
78,5
79,1
80,5
81,5
82,1
83,5
84,5
85,3
86,3
87,5
88,1
89,5
90,5
91,1
92,3
93,5
94,1
95,5
96,1
97,0
98,3
99,1
100,3
101,5
102,5
103,3
104,3
105,5
106,5
107,5
108,5
109,5
110,3
111,3
112,3
113,5
114,4
115,2
116,1
117,5
118,1
119,5
120,0
121,4
122,0
123,5
124,3
125,3
126,5
127,5
128,3
129,4
130,3
131,5
132,3
133,3
134,3
135,3
136,3
137,3
138,3
139,3
140,4
141,4
142,5
143,3
144,3
145,3
146,4
147,3
148,5
149,5
150,1
151,3
152,5
153,2
154,3
155,5
156,4
157,5
158,5
159,5
160,3
161,5
162,2
163,1
164,1
165,3
166,5
167,1
168,1
169,3
170,1
171,1
172,5
173,1
174,3
175,5
176,3
177,5
178,3
179,3
180,5
181,4
182,5
183,1
184,3
185,3
186,3
187,5
188,5
189,2
190,3
191,3
192,3
193,5
194,5
195,3
196,5
197,5
198,5
199,3
200,3
201,0
202,3
203,5
204,2
205,5
206,1
207,1
208,4
209,0
210,5
211,1
212,1
213,3
214,1
215,3
216,5
217,5
218,5
219,5
220,3
221,3
222,4
223,1
224,3
225,5
226,1
227,5
228,3
229,5
230,1
231,5
232,5
233,1
234,3
235,1
236,5
237,5
238,4
239,3
240,3
241,5
242,5
243,1
244,5
245,0
246,3
247,1
248,3
249,1
250,1
251,1
252,3
253,5
254,1
255,1
256,3
257,5
258,5
259,5
260,5
261,3
262,5
263,3
264,5
265,4
266,5
267,1
268,3
269,0
270,2
271,3
272,5
273,3
274,3
275,3
276,3
277,1
278,3
279,5
280,1
281,5
282,3
283,3
284,1
285,3
286,5
287,5
288,5
289,3
290,4
291,0
292,0
293,1
294,4
295,3
296,4
297,3
298,5
299,2
300,5
301,3
302,1
303,3
304,5
305,0
306,4
307,0
308,4
309,5
310,5
311,4
312,5
313,5
314,5
315,5
316,3
317,2
318,5
319,5
320,1
321,3
322,5
323,3
324,4
325,5
326,3
327,1
328,3
329,3
330,0
331,3
332,1
333,4
334,3
335,3
336,3
337,1
338,3
339,3
340,4
341,1
342,4
343,5
344,3
345,4
346,5
347,4
348,5
349,3
350,1
351,3
352,3
353,1
354,5
355,3
356,1
357,3
358,3
359,3
360,3
361,3
362,1
363,3
364,5
365,4
366,4
367,1
368,1
369,2
370,3
371,1
372,3
373,5
374,5
375,5
376,3
377,3
378,4
379,5
380,5
381,1
382,3
383,2
384,3
385,3
386,5
387,1
388,5
389,3
390,3
391,5
392,3
393,5
394,5
395,5
396,0
397,1
398,5
399,1
400,3
401,5
402,3
403,4
404,4
405,1
406,0
407,5
408,3
409,3
410,3
411,3
412,3
413,3
414,5
415,3
416,5
417,3
418,4
419,2
420,3
421,3
422,2
423,3
424,5
425,5
426,3
427,1
428,1
429,1
430,3
431,3
432,1
433,3
434,5
435,3
436,3
437,5
438,5
439,1
440,4
441,3
442,5
443,5
444,5
445,2
446,5
447,3
448,3
449,3
450,5
451,5
452,1
453,1
454,1
455,5
456,5
457,4
458,5
459,3
460,2
461,3
462,3
463,1
464,3
465,5
466,1
467,5
468,4
469,3
470,5
471,3
472,1
473,3
474,5
475,3
476,3
477,0
478,5
479,2
480,3
481,3
482,3
483,5
484,3
485,3
486,4
487,5
488,5
489,5
490,0
491,1
492,5
493,3
494,3
495,1
496,5
497,1
498,1
499,5
500,1
501,3
502,3
503,3
504,3
505,1
506,1
507,1
508,1
509,3
510,3
511,5
512,5
513,3
514,3
515,3
516,3
517,3
518,3
519,5
520,3
521,4
522,3
523,0
524,5
525,3
526,5
527,1
528,3
529,3
530,3
531,5
532,1
533,1
534,3
535,3
536,3
537,5
538,1
539,5
540,3
541,3
542,0
543,1
544,1
545,4
546,5
547,4
548,4
549,2
550,3
551,4
552,0
553,3
554,5
555,5
556,5
557,3
558,1
559,5
560,3
561,2
562,3
563,5
564,5
565,3
566,1
567,3
568,0
569,3
570,3
571,1
572,1
573,3
574,4
575,4
576,3
577,5
578,5
579,5
580,1
581,5
582,3
583,3
584,5
585,1
586,4
587,3
588,3
589,1
590,3
591,3
592,3
593,5
594,5
595,5
596,4
597,1
598,3
599,5
600,3
601,3
602,3
603,5
604,1
605,5
606,3
607,5
608,3
609,1
610,5
611,5
612,4
613,3
614,0
615,5
616,3
617,3
618,5
619,3
620,5
621,5
622,0
623,3
624,1
625,3
626,1
627,3
628,3
629,5
630,1
631,5
632,5
633,5
634,3
635,2
636,3
637,5
638,3
639,3
640,3
641,3
642,4
643,5
644,0
645,3
646,3
647,4
648,3
649,5
650,3
651,3
652,5
653,3
654,5
655,3
656,3
657,5
658,5
659,3
660,3
661,3
662,4
663,1
664,5
665,5
666,1
667,5
668,5
669,3
670,5
671,3
672,3
673,3
674,5
675,1
676,1
677,3
678,4
679,5
680,3
681,4
682,5
683,3
684,3
685,4
686,5
687,5
688,1
689,3
690,5
691,3
692,3
693,3
694,1
695,3
696,4
697,3
698,1
699,0
700,5
701,5
702,5
703,1
704,0
705,1
706,1
707,1
708,3
709,5
710,4
711,3
712,5
713,3
714,3
715,5
716,1
717,1
718,3
719,5
720,3
721,5
722,3
723,1
724,3
725,3
726,5
727,4
728,5
729,1
730,3
731,0
732,5
733,1
734,5
735,3
736,5
737,3
738,2
739,3
740,3
741,3
742,0
743,4
744,5
745,3
746,5
747,1
748,4
749,3
750,3
751,1
752,3
753,2
754,1
755,5
756,3
757,5
758,4
759,1
760,4
761,1
762,3
763,4
764,3
765,1
766,3
767,4
768,4
769,5
770,3
771,3
772,1
773,3
774,3
775,3
776,1
777,3
778,4
779,3
780,5
781,5
782,3
783,1
784,3
785,5
786,5
787,3
788,1
789,5
790,3
791,0
792,3
793,5
794,4
795,3
796,3
797,3
798,3
799,3
800,5
801,5
802,1
803,5
804,5
805,0
806,3
807,3
808,0
809,3
810,3
811,3
812,4
813,1
814,3
815,5
816,1
817,1
818,3
819,3
820,3
821,4
822,3
823,0
824,5
825,5
826,3
827,2
828,1
829,5
830,3
831,3
832,5
833,1
834,3
835,3
836,1
837,1
838,1
839,3
840,1
841,5
842,5
843,3
844,3
845,3
846,3
847,3
848,5
849,3
850,5
851,5
852,4
853,5
854,2
855,5
856,5
857,1
858,3
859,4
860,5
861,5
862,5
863,3
864,1
865,4
866,5
867,1
868,3
869,3
870,3
871,4
872,3
873,5
874,3
875,3
876,5
877,5
878,3
879,5
880,3
881,5
882,2
883,1
884,0
885,5
886,3
887,5
888,3
889,1
890,0
891,5
892,3
893,1
894,2
895,0
896,2
897,2
898,3
899,5
900,1
901,3
902,5
903,1
904,3
905,4
906,0
907,5
908,2
909,1
910,4
911,3
912,1
913,3
914,3
915,1
916,3
917,3
918,3
919,3
920,5
921,3
922,3
923,5
924,3
925,3
926,1
927,1
928,3
929,3
930,1
931,3
932,3
933,5
934,3
935,5
936,3
937,5
938,3
939,3
940,3
941,3
942,3
943,4
944,5
945,3
946,1
947,5
948,1
949,3
950,1
951,1
952,3
953,1
954,1
955,3
956,1
957,5
958,5
959,0
960,5
961,5
962,5
963,3
964,5
965,5
966,3
967,3
968,5
969,3
970,3
971,0
972,5
973,3
974,2
975,3
976,5
977,1
978,0
979,3
980,5
981,5
982,3
983,5
984,5
985,3
986,3
987,3
988,3
989,5
990,5
991,3
992,3
993,3
994,3
995,1
996,5
997,3
998,3
999,1
1000,5
1001,5
1002,5
1003,3
1004,5
1005,4
1006,3
1007,3
1008,3
1009,5
1010,3
1011,1
1012,3
1013,5
1014,3
1015,3
1016,5
1017,5
1018,3
1019,5
1020,3
1021,1
1022,4
1023,3
1024,3
1025,5
1026,4
1027,3
1028,3
1029,3
1030,3
1031,3
1032,3
1033,3
1034,2
1035,1
1036,3
1037,4
1038,5
1039,3
1040,1
1041,5
1042,5
1043,1
1044,5
1045,3
1046,1
1047,3
1048,3
1049,3
1050,5
1051,3
1052,3
1053,5
1054,3
1055,3
1056,5
1057,5
1058,3
1059,3
1060,5
1061,3
1062,5
1063,5
1064,5
1065,5
1066,1
1067,5
1068,4
1069,5
1070,3
1071,3
1072,1
1073,1
1074,3
1075,5
1076,5
1077,5
1078,5
1079,5
1080,1
1081,3
1082,5
1083,5
1084,3
1085,3
1086,3
1087,3
1088,3
1089,5
1090,5
1091,1
1092,3
1093,3
1094,5
1095,3
1096,5
1097,3
1098,5
1099,1
1100,3
1101,3
1102,5
1103,5
1104,1
1105,5
1106,1
1107,0
1108,3
1109,5
1110,2
1111,5
1112,1
1113,0
1114,4
1115,5
1116,3
1117,3
1118,3
1119,5
1120,3
1121,3
1122,4
1123,3
1124,5
1125,5
1126,1
1127,3
1128,3
1129,3
1130,3
1131,1
1132,3
1133,3
1134,3
1135,3
1136,3
1137,3
1138,3
1139,3
1140,4
1141,4
1142,5
1143,2
1144,3
1145,5
1146,1
1147,3
1148,5
1149,4
1150,5
1151,3
1152,3
1153,3
1154,3
1155,5
1156,2
1157,3
1158,4
1159,3
1160,3
1161,5
1162,3
1163,5
1164,4
1165,5
1166,3
1167,1
1168,3
1169,3
1170,3
1171,5
1172,5
1173,0
1174,5
1175,5
1176,5
1177,3
1178,3
1179,5
1180,3
1181,3
1182,3
1183,5
1184,3
1185,3
1186,4
1187,3
1188,1
1189,3
1190,1
1191,5
1192,3
1193,5
1194,3
1195,3
1196,5
1197,3
1198,5
1199,5
1200,3
1201,1
1202,3
1203,3
1204,0
1205,5
1206,1
1207,3
1208,1
1209,3
1210,1
1211,2
1212,3
1213,5
1214,3
1215,0
1216,5
1217,1
1218,3
1219,3
1220,5
1221,5
1222,3
1223,1
1224,5
1225,0
1226,3
1227,5
1228,5
1229,0
1230,3
1231,4
1232,3
1233,5
1234,3
1235,5
1236,1
1237,4
1238,5
1239,3
1240,3
1241,3
1242,3
1243,3
1244,4
1245,3
1246,3
1247,3
1248,5
1249,1
1250,3
1251,3
1252,3
1253,5
1254,3
1255,3
1256,5
1257,5
1258,1
1259,2
1260,1
1261,5
1262,5
1263,3
1264,1
1265,4
1266,5
1267,5
1268,3
1269,1
1270,3
1271,3
1272,2
1273,2
1274,0
1275,2
1276,5
1277,5
1278,2
1279,1
1280,0
1281,3
1282,3
1283,5
1284,5
1285,3
1286,1
1287,5
1288,3
1289,5
1290,5
1291,1
1292,5
1293,3
1294,5
1295,3
1296,3
1297,3
1298,5
1299,3
1300,5
1301,4
1302,5
1303,3
1304,3
1305,4
1306,3
1307,0
1308,3
1309,3
1310,4
1311,3
1312,0
1313,3
1314,5
1315,3
1316,3
1317,4
1318,3
1319,1
1320,3
1321,5
1322,4
1323,4
1324,5
1325,3
1326,3
1327,3
1328,1
1329,5
1330,3
1331,1
1332,5
1333,4
1334,2
1335,1
1336,5
1337,3
1338,5
1339,3
1340,3
1341,4
1342,5
1343,5
1344,3
1345,5
1346,1
1347,5
1348,3
1349,5
1350,3
1351,1
1352,3
1353,3
1354,3
1355,3
1356,3
1357,1
1358,3
1359,1
1360,3
1361,5
1362,3
1363,3
1364,3
1365,4
1366,1
1367,5
1368,4
1369,5
1370,3
1371,5
1372,3
1373,1
1374,4
1375,1
1376,3
1377,5
1378,1
1379,5
1380,1
1381,5
1382,3
1383,3
1384,4
1385,3
1386,1
1387,5
1388,3
1389,3
1390,3
1391,3
1392,0
1393,3
1394,4
1395,3
1396,4
1397,5
1398,4
1399,3
1400,1
1401,4
1402,5
1403,3
1404,4
1405,1
1406,3
1407,3
1408,5
1409,0
1410,5
1411,3
1412,1
1413,3
1414,5
1415,0
1416,1
1417,3
1418,3
1419,3
1420,3
1421,1
1422,3
1423,3
1424,4
1425,5
1426,3
1427,3
1428,3
1429,5
1430,1
1431,3
1432,3
1433,4
1434,4
1435,3
1436,1
1437,3
1438,3
1439,5
1440,3
1441,1
1442,3
1443,3
1444,5
1445,5
1446,5
1447,4
1448,3
1449,1
1450,5
1451,1
1452,5
1453,5
1454,0
1455,1
1456,5
1457,3
1458,1
1459,1
1460,5
1461,0
1462,1
1463,3
1464,0
1465,4
1466,3
1467,3
1468,1
1469,1
1470,3
1471,5
1472,3
1473,0
1474,5
1475,3
1476,3
1477,1
1478,3
1479,3
1480,3
1481,5
1482,4
1483,5
1484,5
1485,1
1486,3
1487,5
1488,3
1489,5
1490,3
1491,5
1492,3
1493,5
1494,0
1495,3
1496,1
1497,3
1498,4
1499,4
1500,5
1501,5
1502,3
1503,3
1504,4
1505,3
1506,5
1507,5
1508,3
1509,3
1510,3
1511,5
1512,3
1513,3
1514,5
1515,3
1516,1
1517,2
1518,3
1519,5
1520,5
1521,5
1522,5
1523,0
1524,5
1525,5
1526,4
1527,3
1528,5
1529,3
1530,2
1531,5
1532,3
1533,3
1534,5
1535,5
1536,0
1537,3
1538,5
1539,3
1540,5
1541,5
1542,3
1543,1
1544,5
1545,5
1546,3
1547,3
1548,5
1549,3
1550,3
1551,3
1552,0
1553,3
1554,3
1555,3
1556,5
1557,4
1558,4
1559,1
1560,5
1561,3
1562,4
1563,3
1564,3
1565,3
1566,5
1567,3
1568,3
1569,3
1570,4
1571,3
1572,5
1573,5
1574,5
1575,3
1576,1
1577,0
1578,3
1579,3
1580,5
1581,3
1582,1
1583,1
1584,3
1585,3
1586,3
1587,3
1588,3
1589,1
1590,3
1591,4
1592,3
1593,0
1594,3
1595,3
1596,5
1597,5
1598,1
1599,1
1600,3
1601,4
1602,0
1603,5
1604,5
1605,3
1606,3
1607,4
1608,5
1609,4
1610,3
1611,3
1612,3
1613,0
1614,5
1615,1
1616,1
1617,1
1618,1
1619,3
1620,1
1621,3
1622,3
1623,3
1624,0
1625,5
1626,3
1627,3
1628,3
1629,3
1630,1
1631,3
1632,3
1633,3
1634,3
1635,4
1636,4
1637,3
1638,5
1639,5
1640,1
1641,3
1642,5
1643,1
1644,3
1645,5
1646,3
1647,3
1648,3
1649,3
1650,1
1651,3
1652,3
1653,5
1654,5
1655,3
1656,3
1657,3
1658,3
1659,5
1660,5
1661,5
1662,5
1663,3
1664,3
1665,3
1666,0
1667,3
1668,4
1669,4
1670,3
1671,0
1672,5
1673,5
1674,5
1675,5
1676,5
1677,5
1678,5
1679,3
1680,3
1681,5
1682,3
1683,1
1684,3
1685,5
1686,3
1687,5
1688,3
1689,3
1690,3
1691,5
1692,3
1693,4
1694,5
1695,3
1696,4
1697,5
1698,5
1699,3
1700,3
1701,3
1702,1
1703,3
1704,3
1705,4
1706,3
1707,5
1708,2
1709,1
1710,3
1711,0
1712,3
1713,4
1714,3
1715,3
1716,3
1717,3
1718,3
1719,3
1720,3
1721,3
1722,1
1723,3
1724,3
1725,3
1726,3
1727,3
1728,1
1729,5
1730,1
1731,3
1732,3
1733,5
1734,4
1735,4
1736,4
1737,5
1738,1
1739,5
1740,2
1741,1
1742,1
1743,2
1744,3
1745,3
1746,5
1747,5
1748,1
1749,3
1750,5
1751,3
1752,5
1753,3
1754,3
1755,5
1756,5
1757,5
1758,3
1759,4
1760,0
1761,5
1762,3
1763,5
1764,4
1765,3
1766,3
1767,3
1768,1
1769,5
1770,1
1771,3
1772,3
1773,1
1774,1
1775,3
1776,5
1777,5
1778,4
1779,3
1780,3
1781,2
1782,3
1783,1
1784,3
1785,3
1786,5
1787,3
1788,1
1789,0
1790,3
1791,1
1792,3
1793,5
1794,5
1795,3
1796,1
1797,3
1798,3
1799,1
1800,3
1801,1
1802,3
1803,1
1804,3
1805,1
1806,0
1807,3
1808,5
1809,0
1810,5
1811,5
1812,3
1813,2
1814,3
1815,0
1816,3
1817,5
1818,4
1819,3
1820,5
1821,5
1822,5
1823,3
1824,5
1825,1
1826,5
1827,3
1828,4
1829,3
1830,3
1831,1
1832,3
1833,1
1834,1
1835,1
1836,5
1837,0
1838,0
1839,4
1840,5
1841,3
1842,3
1843,3
1844,5
1845,5
1846,3
1847,5
1848,3
1849,3
1850,3
1851,5
1852,3
1853,3
1854,3
1855,3
1856,5
1857,1
1858,5
1859,3
1860,5
1861,2
1862,3
1863,0
1864,5
1865,3
1866,1
1867,1
1868,3
1869,3
1870,5
1871,5
1872,1
1873,3
1874,1
1875,1
1876,1
1877,1
1878,3
1879,5
1880,3
1881,3
1882,3
1883,5
1884,3
1885,3
1886,4
1887,3
1888,3
1889,3
1890,5
1891,1
1892,3
1893,5
1894,3
1895,2
1896,3
1897,1
1898,4
1899,0
1900,3
1901,5
1902,3
1903,3
1904,3
1905,3
1906,1
1907,1
1908,2
1909,3
1910,5
1911,3
1912,3
1913,5
1914,3
1915,5
1916,3
1917,3
1918,1
1919,5
1920,1
1921,4
1922,3
1923,5
1924,3
1925,3
1926,5
1927,3
1928,3
1929,5
1930,3
1931,1
1932,3
1933,5
1934,1
1935,3
1936,5
1937,0
1938,4
1939,3
1940,3
1941,3
1942,5
1943,1
1944,5
1945,5
1946,4
1947,3
1948,5
1949,3
1950,3
1951,3
1952,3
1953,3
1954,3
1955,5
1956,3
1957,5
1958,3
1959,5
1960,5
1961,1
1962,0
1963,3
1964,3
1965,3
1966,3
1967,3
1968,3
1969,1
1970,3
1971,3
1972,3
1973,4
1974,3
1975,5
1976,3
1977,3
1978,3
1979,3
1980,1
1981,3
1982,3
1983,3
1984,3
1985,4
1986,3
1987,5
1988,5
1989,1
1990,3
1991,1
1992,3
1993,3
1994,5
1995,0
1996,3
1997,3
1998,3
1999,3
2000,3
2001,3
2002,1
2003,4
2004,3
2005,3
2006,2
2007,5
2008,3
2009,1
2010,4
2011,3
2012,5
2013,3
2014,3
2015,2
2016,5
2017,5
2018,3
2019,5
2020,3
2021,5
2022,5
2023,3
2024,3
2025,5
2026,3
2027,3
2028,3
2029,3
2030,3
2031,3
2032,3
2033,5
2034,3
2035,3
2036,3
2037,3
2038,3
2039,5
2040,5
2041,5
2042,0
2043,3
2044,5
2045,3
2046,1
2047,3
2048,3
2049,3
2050,3
2051,4
2052,3
2053,5
2054,5
2055,3
2056,0
2057,5
2058,2
2059,5
2060,1
2061,3
2062,3
2063,5
2064,3
2065,3
2066,3
2067,1
2068,3
2069,1
2070,5
2071,3
2072,0
2073,3
2074,3
2075,3
2076,3
2077,3
2078,3
2079,1
2080,5
2081,4
2082,5
2083,5
2084,3
2085,1
2086,5
2087,0
2088,5
2089,1
2090,3
2091,5
2092,5
2093,3
2094,3
2095,1
2096,1
2097,5
2098,5
2099,5
2100,3
2101,1
2102,3
2103,3
2104,5
2105,3
2106,1
2107,3
2108,5
2109,3
2110,3
2111,3
2112,3
2113,1
2114,3
2115,3
2116,5
2117,3
2118,3
2119,3
2120,5
2121,1
2122,1
2123,3
2124,3
2125,5
2126,1
2127,2
2128,3
2129,3
2130,3
2131,3
2132,3
2133,3
2134,1
2135,5
2136,3
2137,5
2138,5
2139,1
2140,5
2141,3
2142,1
2143,3
2144,5
2145,5
2146,4
2147,3
2148,4
2149,3
2150,4
2151,3
2152,3
2153,5
2154,3
2155,4
2156,3
2157,5
2158,3
2159,1
2160,3
2161,5
2162,5
2163,5
2164,5
2165,5
2166,1
2167,5
2168,5
2169,3
2170,5
2171,3
2172,5
2173,5
2174,1
2175,1
2176,1
2177,0
2178,5
2179,1
2180,3
2181,5
2182,3
2183,4
2184,3
2185,3
2186,3
2187,4
2188,3
2189,5
2190,5
2191,5
2192,2
2193,2
2194,5
2195,3
2196,4
2197,3
2198,3
2199,1
2200,1
2201,5
2202,4
2203,1
2204,1
2205,5
2206,3
2207,3
2208,4
2209,3
2210,3
2211,4
2212,3
2213,5
2214,2
2215,0
2216,3
2217,3
2218,0
2219,3
2220,5
2221,3
2222,4
2223,3
2224,5
2225,5
2226,3
2227,3
2228,0
2229,3
2230,3
2231,4
2232,5
2233,5
2234,5
2235,3
2236,3
2237,5
2238,0
2239,5
2240,3
2241,1
2242,3
2243,3
2244,4
2245,5
2246,1
2247,3
2248,3
2249,5
2250,3
2251,3
2252,4
2253,3
2254,3
2255,4
2256,3
2257,3
2258,1
2259,1
2260,3
2261,3
2262,5
2263,5
2264,3
2265,5
2266,2
2267,3
2268,5
2269,5
2270,5
2271,3
2272,1
2273,3
2274,3
2275,3
2276,5
2277,3
2278,5
2279,2
2280,5
2281,3
2282,3
2283,2
2284,5
2285,3
2286,5
2287,1
2288,3
2289,1
2290,5
2291,1
2292,0
2293,4
2294,3
2295,5
2296,5
2297,3
2298,2
2299,3
2300,5
2301,2
2302,1
2303,5
2304,5
2305,4
2306,5
2307,5
2308,4
2309,3
2310,0
2311,3
2312,3
2313,5
2314,3
2315,3
2316,3
2317,5
2318,3
2319,3
2320,3
2321,3
2322,3
2323,5
2324,5
2325,3
2326,5
2327,5
2328,5
2329,3
2330,3
2331,5
2332,5
2333,4
2334,1
2335,3
2336,1
2337,5
2338,1
2339,3
2340,3
2341,3
2342,3
2343,3
2344,1
2345,5
2346,3
2347,3
2348,3
2349,4
2350,3
2351,2
2352,4
2353,3
2354,0
2355,3
2356,3
2357,3
2358,2
2359,1
2360,4
2361,5
2362,3
2363,5
2364,3
2365,5
2366,4
2367,3
2368,1
2369,4
2370,0
2371,4
2372,1
2373,0
2374,5
2375,5
2376,3
2377,3
2378,4
2379,5
2380,3
2381,5
2382,3
2383,3
2384,1
2385,5
2386,3
2387,3
2388,4
2389,1
2390,3
2391,3
2392,3
2393,3
2394,3
2395,5
2396,5
2397,3
2398,3
2399,1
2400,3
2401,5
2402,4
2403,3
2404,3
2405,3
2406,1
2407,3
2408,5
2409,0
2410,3
2411,1
2412,5
2413,1
2414,1
2415,5
2416,4
2417,5
2418,5
2419,2
2420,3
2421,5
2422,4
2423,1
2424,3
2425,3
2426,3
2427,3
2428,1
2429,3
2430,3
2431,1
2432,3
2433,2
2434,3
2435,5
2436,0
2437,3
2438,1
2439,5
2440,5
2441,3
2442,0
2443,3
2444,3
2445,3
2446,1
2447,5
2448,5
2449,4
2450,1
2451,1
2452,5
2453,3
2454,4
2455,1
2456,3
2457,1
2458,3
2459,3
2460,5
2461,0
2462,1
2463,3
2464,3
2465,1
2466,5
2467,1
2468,5
2469,3
2470,5
2471,5
2472,3
2473,3
2474,5
2475,3
2476,3
2477,3
2478,5
2479,5
2480,3
2481,3
2482,3
2483,3
2484,3
2485,5
2486,5
2487,3
2488,5
2489,3
2490,3
2491,3
2492,3
2493,5
2494,1
2495,1
2496,3
2497,3
2498,1
2499,3
2500,3
2501,3
2502,3
2503,5
2504,0
2505,5
2506,5
2507,5
2508,1
2509,3
2510,3
2511,3
2512,5
2513,1
2514,4
2515,3
2516,3
2517,5
2518,3
2519,3
2520,1
2521,5
2522,1
2523,5
2524,5
2525,3
2526,5
2527,2
2528,5
2529,4
2530,3
2531,3
2532,5
2533,3
2534,1
2535,3
2536,3
2537,3
2538,1
2539,3
2540,4
2541,0
2542,4
2543,3
2544,1
2545,3
2546,0
2547,5
2548,5
2549,4
2550,1
2551,3
2552,3
2553,5
2554,3
2555,3
2556,3
2557,4
2558,3
2559,5
2560,1
2561,5
2562,5
2563,4
2564,5
2565,1
2566,3
2567,3
2568,2
2569,3
2570,1
2571,5
2572,5
2573,3
2574,3
2575,4
2576,3
2577,1
2578,5
2579,5
2580,0
2581,3
2582,5
2583,5
2584,3
2585,5
2586,3
2587,3
2588,1
2589,3
2590,5
2591,4
2592,3
2593,5
2594,3
2595,3
2596,3
2597,3
2598,1
2599,3
2600,3
2601,3
2602,5
2603,3
2604,1
2605,5
2606,5
2607,4
2608,1
2609,3
2610,4
2611,1
2612,5
2613,3
2614,3
2615,5
2616,3
2617,3
2618,3
2619,5
2620,5
2621,3
2622,3
2623,3
2624,5
2625,5
2626,1
2627,2
2628,3
2629,3
2630,3
2631,3
2632,3
2633,5
2634,3
2635,1
2636,3
2637,3
2638,5
2639,5
2640,3
2641,2
2642,5
2643,2
2644,3
2645,1
2646,5
2647,3
2648,0
2649,3
2650,3
2651,3
2652,3
2653,3
2654,4
2655,1
2656,3
2657,1
2658,3
2659,4
2660,3
2661,5
2662,3
2663,3
2664,5
2665,3
2666,3
2667,3
2668,0
2669,1
2670,4
2671,4
2672,1
2673,3
2674,4
2675,1
2676,3
2677,5
2678,3
2679,3
2680,5
2681,5
2682,2
2683,5
2684,3
2685,3
2686,3
2687,3
2688,3
2689,5
2690,1
2691,5
2692,1
2693,5
2694,5
2695,3
2696,4
2697,5
2698,3
2699,5
2700,3
2701,3
2702,1
2703,3
2704,3
2705,3
2706,5
2707,3
2708,1
2709,3
2710,3
2711,5
2712,3
2713,3
2714,1
2715,2
2716,5
2717,3
2718,1
2719,1
2720,4
2721,4
2722,3
2723,5
2724,4
2725,3
2726,4
2727,3
2728,3
2729,5
2730,2
2731,5
2732,1
2733,1
2734,5
2735,4
2736,2
2737,3
2738,3
2739,5
2740,3
2741,1
2742,5
2743,4
2744,2
2745,3
2746,3
2747,1
2748,3
2749,2
2750,3
2751,1
2752,5
2753,3
2754,3
2755,1
2756,4
2757,4
2758,1
2759,5
2760,1
2761,3
2762,5
2763,4
2764,1
2765,4
2766,3
2767,5
2768,5
2769,3
2770,5
2771,3
2772,4
2773,0
2774,1
2775,5
2776,3
2777,3
2778,3
2779,5
2780,3
2781,3
2782,3
2783,1
2784,3
2785,1
2786,3
2787,1
2788,5
2789,5
2790,0
2791,5
2792,3
2793,3
2794,1
2795,3
2796,3
2797,3
2798,3
2799,5
2800,5
2801,3
2802,5
2803,3
2804,5
2805,4
2806,0
2807,3
2808,3
2809,3
2810,3
2811,1
2812,5
2813,3
2814,3
2815,3
2816,4
2817,4
2818,5
2819,0
2820,3
2821,3
2822,3
2823,5
2824,4
2825,1
2826,5
2827,3
2828,1
2829,4
2830,3
2831,3
2832,1
2833,1
2834,5
2835,5
2836,5
2837,3
2838,4
2839,3
2840,0
2841,1
2842,0
2843,4
2844,5
2845,1
2846,3
2847,3
2848,3
2849,1
2850,3
2851,3
2852,3
2853,3
2854,3
2855,5
2856,3
2857,3
2858,3
2859,3
2860,0
2861,3
2862,3
2863,3
2864,3
2865,1
2866,3
2867,5
2868,4
2869,3
2870,3
2871,3
2872,3
2873,1
2874,3
2875,3
2876,1
2877,4
2878,1
2879,5
2880,4
2881,4
2882,5
2883,3
2884,3
2885,1
2886,1
2887,3
2888,5
2889,3
2890,5
2891,5
2892,3
2893,4
2894,3
2895,3
2896,3
2897,3
2898,3
2899,3
2900,5
2901,3
2902,1
2903,3
2904,3
2905,1
2906,5
2907,3
2908,3
2909,1
2910,5
2911,3
2912,5
2913,3
2914,0
2915,3
2916,5
2917,3
2918,1
2919,5
2920,4
2921,3
2922,3
2923,1
2924,5
2925,1
2926,5
2927,3
2928,5
2929,2
2930,3
2931,3
2932,3
2933,5
2934,3
2935,3
2936,1
2937,1
2938,3
2939,1
2940,5
2941,5
2942,4
2943,4
2944,3
2945,1
2946,1
2947,4
2948,3
2949,3
2950,3
2951,5
2952,3
2953,5
2954,5
2955,3
2956,5
2957,5
2958,3
2959,2
2960,1
2961,1
2962,4
2963,3
2964,3
2965,3
2966,3
2967,3
2968,0
2969,3
2970,5
2971,3
2972,0
2973,3
2974,1
2975,4
2976,0
2977,5
2978,0
2979,5
2980,5
2981,3
2982,3
2983,5
2984,3
2985,3
2986,3
2987,3
2988,5
2989,3
2990,4
2991,3
2992,3
2993,5
2994,1
2995,3
2996,1
2997,5
2998,5
2999,1
3000,5
3001,0
3002,1
3003,1
3004,1
3005,1
3006,1
3007,3
3008,3
3009,5
3010,5
3011,0
3012,3
3013,3
3014,1
3015,1
3016,5
3017,2
3018,3
3019,3
3020,5
3021,5
3022,5
3023,3
3024,5
3025,1
3026,1
3027,3
3028,5
3029,4
3030,5
3031,5
3032,3
3033,1
3034,5
3035,1
3036,1
3037,5
3038,3
3039,3
3040,5
3041,3
3042,4
3043,5
3044,5
3045,3
3046,5
3047,5
3048,3
3049,1
3050,3
3051,5
3052,3
3053,3
3054,3
3055,1
3056,1
3057,3
3058,5
3059,4
3060,3
3061,0
3062,2
3063,3
3064,5
3065,5
3066,5
3067,3
3068,3
3069,0
3070,3
3071,5
3072,5
3073,5
3074,1
3075,2
3076,3
3077,3
3078,5
3079,5
3080,5
3081,3
3082,5
3083,0
3084,1
3085,1
3086,3
3087,3
3088,5
3089,3
3090,3
3091,3
3092,3
3093,3
3094,1
3095,1
3096,5
3097,3
3098,3
3099,3
3100,3
3101,3
3102,5
3103,5
3104,3
3105,1
3106,0
3107,1
3108,3
3109,1
3110,5
3111,5
3112,0
3113,3
3114,3
3115,5
3116,1
3117,5
3118,1
3119,1
3120,0
3121,5
3122,4
3123,3
3124,3
3125,0
3126,1
3127,3
3128,5
3129,5
3130,3
3131,3
3132,5
3133,5
3134,1
3135,5
3136,3
3137,1
3138,5
3139,3
3140,5
3141,3
3142,3
3143,4
3144,4
3145,5
3146,5
3147,5
3148,3
3149,3
3150,3
3151,4
3152,3
3153,3
3154,5
3155,4
3156,1
3157,3
3158,3
3159,5
3160,3
3161,0
3162,3
3163,3
3164,5
3165,5
3166,3
3167,1
3168,0
3169,1
3170,1
3171,3
3172,3
3173,4
3174,5
3175,1
3176,1
3177,1
3178,5
3179,3
3180,3
3181,1
3182,5
3183,1
3184,3
3185,4
3186,4
3187,0
3188,1
3189,3
3190,5
3191,2
3192,3
3193,5
3194,1
3195,3
3196,3
3197,5
3198,5
3199,2
3200,1
3201,3
3202,3
3203,1
3204,5
3205,5
3206,3
3207,3
3208,3
3209,5
3210,4
3211,1
3212,5
3213,3
3214,3
3215,5
3216,1
3217,3
3218,3
3219,5
3220,3
3221,3
3222,3
3223,5
3224,3
3225,4
3226,3
3227,1
3228,0
3229,5
3230,4
3231,1
3232,5
3233,3
3234,3
3235,5
3236,5
3237,3
3238,1
3239,3
3240,5
3241,5
3242,3
3243,3
3244,1
3245,5
3246,5
3247,1
3248,3
3249,1
3250,0
3251,5
3252,3
3253,2
3254,1
3255,5
3256,3
3257,3
3258,4
3259,3
3260,5
3261,5
3262,3
3263,3
3264,3
3265,1
3266,3
3267,3
3268,4
3269,1
3270,3
3271,4
3272,3
3273,3
3274,5
3275,3
3276,3
3277,4
3278,5
3279,1
3280,3
3281,5
3282,5
3283,5
3284,3
3285,1
3286,1
3287,5
3288,3
3289,3
3290,1
3291,1
3292,3
3293,3
3294,5
3295,1
3296,3
3297,4
3298,3
3299,3
3300,5
3301,1
3302,3
3303,1
3304,1
3305,5
3306,3
3307,3
3308,3
3309,4
3310,3
3311,5
3312,1
3313,3
3314,2
3315,5
3316,0
3317,1
3318,0
3319,4
3320,3
3321,4
3322,5
3323,5
3324,4
3325,1
3326,3
3327,5
3328,3
3329,1
3330,5
3331,3
3332,5
3333,3
3334,3
3335,1
3336,3
3337,1
3338,3
3339,0
3340,0
3341,1
3342,3
3343,5
3344,3
3345,1
3346,5
3347,4
3348,1
3349,4
3350,5
3351,4
3352,3
3353,3
3354,0
3355,4
3356,3
3357,1
3358,0
3359,3
3360,3
3361,5
3362,5
3363,3
3364,3
3365,3
3366,3
3367,5
3368,2
3369,3
3370,3
3371,5
3372,5
3373,3
3374,5
3375,3
3376,0
3377,5
3378,3
3379,3
3380,5
3381,1
3382,4
3383,1
3384,1
3385,5
3386,5
3387,5
3388,3
3389,1
3390,3
3391,5
3392,3
3393,5
3394,5
3395,3
3396,3
3397,1
3398,5
3399,3
3400,3
3401,5
3402,5
3403,5
3404,5
3405,3
3406,4
3407,4
3408,5
3409,3
3410,3
3411,5
3412,3
3413,0
3414,1
3415,3
3416,1
3417,3
3418,3
3419,3
3420,5
3421,5
3422,3
3423,3
3424,3
3425,1
3426,5
3427,5
3428,5
3429,1
3430,5
3431,3
3432,0
3433,3
3434,3
3435,3
3436,4
3437,2
3438,5
3439,5
3440,0
3441,3
3442,3
3443,1
3444,5
3445,5
3446,1
3447,3
3448,3
3449,5
3450,5
3451,3
3452,3
3453,3
3454,1
3455,3
3456,5
3457,3
3458,1
3459,3
3460,5
3461,5
3462,3
3463,3
3464,3
3465,3
3466,3
3467,5
3468,5
3469,1
3470,5
3471,4
3472,5
3473,3
3474,3
3475,5
3476,5
3477,4
3478,0
3479,5
3480,5
3481,3
3482,3
3483,3
3484,5
3485,3
3486,1
3487,5
3488,2
3489,3
3490,3
3491,3
3492,1
3493,3
3494,4
3495,5
3496,5
3497,3
3498,5
3499,5
3500,3
3501,1
3502,3
3503,3
3504,5
3505,1
3506,3
3507,5
3508,3
3509,1
3510,1
3511,3
3512,0
3513,3
3514,3
3515,4
3516,5
3517,3
3518,5
3519,5
3520,5
3521,3
3522,5
3523,5
3524,3
3525,4
3526,5
3527,3
3528,5
3529,3
3530,3
3531,3
3532,5
3533,3
3534,3
3535,3
3536,1
3537,3
3538,3
3539,5
3540,5
3541,1
3542,3
3543,0
3544,5
3545,1
3546,5
3547,3
3548,1
3549,3
3550,1
3551,5
3552,3
3553,5
3554,0
3555,4
3556,5
3557,3
3558,3
3559,5
3560,3
3561,5
3562,2
3563,3
3564,5
3565,5
3566,5
3567,3
3568,1
3569,3
3570,5
3571,5
3572,1
3573,5
3574,3
3575,3
3576,4
3577,5
3578,1
3579,3
3580,3
3581,1
3582,3
3583,3
3584,1
3585,5
3586,3
3587,3
3588,5
3589,1
3590,1
3591,3
3592,3
3593,1
3594,3
3595,5
3596,3
3597,4
3598,5
3599,3
3600,3
3601,3
3602,3
3603,4
3604,3
3605,0
3606,1
3607,3
3608,5
3609,3
3610,3
3611,3
3612,3
3613,4
3614,5
3615,5
3616,3
3617,1
3618,2
3619,3
3620,3
3621,5
3622,3
3623,5
3624,3
3625,5
3626,3
3627,3
3628,5
3629,3
3630,3
3631,1
3632,1
3633,3
3634,5
3635,3
3636,3
3637,5
3638,3
3639,1
3640,3
3641,0
3642,1
3643,1
3644,3
3645,1
3646,5
3647,3
3648,3
3649,2
3650,1
3651,3
3652,3
3653,1
3654,3
3655,3
3656,5
3657,1
3658,5
3659,3
3660,5
3661,3
3662,3
3663,1
3664,4
3665,1
3666,3
3667,2
3668,5
3669,5
3670,3
3671,1
3672,5
3673,3
3674,5
3675,5
3676,4
3677,5
3678,5
3679,3
3680,3
3681,3
3682,3
3683,1
3684,3
3685,3
3686,5
3687,3
3688,3
3689,4
3690,3
3691,5
3692,3
3693,1
3694,3
3695,3
3696,3
3697,3
3698,3
3699,3
3700,4
3701,3
3702,3
3703,5
3704,3
3705,3
3706,3
3707,5
3708,3
3709,5
3710,5
3711,3
3712,0
3713,3
3714,5
3715,3
3716,0
3717,5
3718,3
3719,1
3720,3
3721,4
3722,3
3723,3
3724,3
3725,3
3726,5
3727,1
3728,0
3729,4
3730,3
3731,1
3732,4
3733,3
3734,1
3735,0
3736,5
3737,3
3738,3
3739,3
3740,3
3741,3
3742,5
3743,1
3744,3
3745,3
3746,1
3747,3
3748,3
3749,3
3750,4
3751,1
3752,3
3753,5
3754,3
3755,5
3756,3
3757,5
3758,5
3759,5
3760,3
3761,5
3762,3
3763,1
3764,5
3765,3
3766,1
3767,1
3768,5
3769,5
3770,5
3771,5
3772,1
3773,5
3774,5
3775,4
3776,5
3777,4
3778,0
3779,2
3780,5
3781,3
3782,3
3783,5
3784,5
3785,3
3786,1
3787,4
3788,5
3789,5
3790,3
3791,1
3792,5
3793,1
3794,1
3795,3
3796,1
3797,5
3798,3
3799,3
3800,3
3801,0
3802,3
3803,4
3804,1
3805,4
3806,2
3807,3
3808,3
3809,3
3810,3
3811,1
3812,5
3813,5
3814,4
3815,1
3816,3
3817,3
3818,1
3819,3
3820,1
3821,1
3822,5
3823,4
3824,3
3825,3
3826,1
3827,0
3828,4
3829,2
3830,1
3831,3
3832,3
3833,3
3834,5
3835,1
3836,3
3837,3
3838,1
3839,5
3840,1
3841,0
3842,3
3843,3
3844,3
3845,3
3846,3
3847,3
3848,1
3849,1
3850,3
3851,1
3852,0
3853,1
3854,3
3855,4
3856,5
3857,3
3858,4
3859,5
3860,3
3861,1
3862,0
3863,3
3864,3
3865,5
3866,1
3867,3
3868,3
3869,5
3870,3
3871,3
3872,3
3873,0
3874,4
3875,3
3876,5
3877,4
3878,1
3879,2
3880,3
3881,3
3882,5
3883,1
3884,3
3885,1
3886,5
3887,4
3888,1
3889,5
3890,5
3891,3
3892,4
3893,1
3894,1
3895,3
3896,5
3897,1
3898,1
3899,3
3900,5
3901,5
3902,1
3903,4
3904,3
3905,3
3906,3
3907,1
3908,3
3909,3
3910,5
3911,4
3912,1
3913,3
3914,3
3915,2
3916,5
3917,3
3918,5
3919,1
3920,2
3921,3
3922,1
3923,2
3924,3
3925,2
3926,3
3927,0
3928,5
3929,3
3930,3
3931,4
3932,0
3933,0
3934,3
3935,5
3936,1
3937,3
3938,5
3939,3
3940,1
3941,1
3942,1
3943,1
3944,5
3945,3
3946,5
3947,5
3948,5
3949,5
3950,3
3951,5
3952,3
3953,3
3954,3
3955,3
3956,3
3957,5
3958,4
3959,3
3960,3
3961,3
3962,1
3963,3
3964,3
3965,4
3966,3
3967,3
3968,5
3969,3
3970,3
3971,5
3972,5
3973,3
3974,5
3975,3
3976,2
3977,5
3978,4
3979,3
3980,3
3981,1
3982,3
3983,4
3984,5
3985,0
3986,3
3987,3
3988,3
3989,3
3990,1
3991,4
3992,1
3993,1
3994,3
3995,3
3996,3
3997,3
3998,5
3999,3
4000,5
4001,5
4002,3
4003,3
4004,3
4005,3
4006,4
4007,1
4008,3
4009,2
4010,1
4011,5
4012,3
4013,4
4014,3
4015,5
4016,3
4017,1
4018,5
4019,5
4020,3
4021,3
4022,0
4023,3
4024,1
4025,5
4026,5
4027,5
4028,5
4029,3
4030,3
4031,1
4032,1
4033,5
4034,5
4035,3
4036,1
4037,1
4038,3
4039,3
4040,3
4041,3
4042,5
4043,4
4044,4
4045,1
4046,3
4047,1
4048,3
4049,2
4050,5
4051,4
4052,5
4053,5
4054,1
4055,1
4056,5
4057,3
4058,3
4059,3
4060,3
4061,3
4062,3
4063,3
4064,3
4065,5
4066,3
4067,3
4068,0
4069,4
4070,3
4071,2
4072,5
4073,3
4074,3
4075,0
4076,4
4077,5
4078,4
4079,5
4080,5
4081,4
4082,1
4083,0
4084,1
4085,1
4086,3
4087,5
4088,5
4089,5
4090,3
4091,4
4092,3
4093,3
4094,5
4095,5
4096,3
4097,5
4098,5
4099,3
4100,1
4101,5
4102,3
4103,3
4104,3
4105,1
4106,5
4107,3
4108,4
4109,4
4110,3
4111,5
4112,1
4113,5
4114,5
4115,3
4116,0
4117,3
4118,1
4119,1
4120,3
4121,1
4122,3
4123,0
4124,0
4125,3
4126,3
4127,3
4128,3
4129,4
4130,1
4131,5
4132,1
4133,3
4134,3
4135,5
4136,5
4137,2
4138,3
4139,3
4140,1
4141,3
4142,3
4143,5
4144,3
4145,1
4146,3
4147,3
4148,1
4149,2
4150,3
4151,3
4152,3
4153,5
4154,5
4155,1
4156,3
4157,3
4158,1
4159,3
4160,3
4161,5
4162,5
4163,3
4164,3
4165,5
4166,5
4167,3
4168,5
4169,5
4170,5
4171,1
4172,3
4173,1
4174,3
4175,0
4176,3
4177,3
4178,1
4179,3
4180,3
4181,3
4182,5
4183,5
4184,5
4185,3
4186,0
4187,2
4188,3
4189,3
4190,3
4191,5
4192,3
4193,3
4194,5
4195,1
4196,4
4197,5
4198,3
4199,1
4200,3
4201,5
4202,5
4203,5
4204,1
4205,3
4206,3
4207,4
4208,3
4209,3
4210,3
4211,1
4212,3
4213,3
4214,3
4215,1
4216,2
4217,3
4218,5
4219,5
4220,5
4221,1
4222,1
4223,0
4224,1
4225,5
4226,3
4227,1
4228,5
4229,5
4230,1
4231,3
4232,1
4233,5
4234,5
4235,3
4236,5
4237,3
4238,3
4239,5
4240,1
4241,5
4242,5
4243,3
4244,3
4245,3
4246,3
4247,1
4248,3
4249,3
4250,3
4251,0
4252,5
4253,3
4254,4
4255,2
4256,4
4257,0
4258,3
4259,3
4260,5
4261,5
4262,3
4263,5
4264,3
4265,5
4266,5
4267,3
4268,5
4269,2
4270,3
4271,3
4272,4
4273,3
4274,3
4275,3
4276,5
4277,5
4278,1
4279,5
4280,2
4281,5
4282,5
4283,3
4284,0
4285,3
4286,2
4287,1
4288,5
4289,0
4290,4
4291,5
4292,3
4293,5
4294,3
4295,3
4296,1
4297,0
4298,3
4299,4
4300,5
4301,3
4302,3
4303,1
4304,3
4305,3
4306,5
4307,4
4308,5
4309,3
4310,1
4311,4
4312,3
4313,5
4314,5
4315,1
4316,3
4317,4
4318,3
4319,5
4320,3
4321,5
4322,3
4323,4
4324,3
4325,5
4326,3
4327,5
4328,5
4329,1
4330,3
4331,3
4332,5
4333,5
4334,5
4335,3
4336,5
4337,5
4338,1
4339,5
4340,3
4341,5
4342,3
4343,1
4344,4
4345,1
4346,1
4347,3
4348,3
4349,5
4350,3
4351,1
4352,5
4353,3
4354,5
4355,1
4356,5
4357,3
4358,5
4359,4
4360,5
4361,3
4362,5
4363,5
4364,5
4365,3
4366,5
4367,3
4368,4
4369,5
4370,3
4371,1
4372,3
4373,1
4374,3
4375,3
4376,3
4377,5
4378,5
4379,1
4380,4
4381,5
4382,3
4383,3
4384,3
4385,3
4386,3
4387,5
4388,5
4389,1
4390,5
4391,3
4392,1
4393,3
4394,3
4395,3
4396,3
4397,3
4398,3
4399,5
4400,3
4401,3
4402,1
4403,1
4404,0
4405,3
4406,1
4407,5
4408,3
4409,1
4410,0
4411,2
4412,5
4413,3
4414,1
4415,3
4416,3
4417,3
4418,3
4419,3
4420,3
4421,1
4422,5
4423,3
4424,0
4425,5
4426,3
4427,3
4428,3
4429,2
4430,3
4431,3
4432,4
4433,3
4434,3
4435,1
4436,3
4437,5
4438,3
4439,3
4440,4
4441,5
4442,1
4443,3
4444,3
4445,3
4446,3
4447,5
4448,5
4449,1
4450,5
4451,3
4452,3
4453,3
4454,5
4455,0
4456,1
4457,1
4458,3
4459,5
4460,1
4461,3
4462,3
4463,3
4464,4
4465,4
4466,1
4467,3
4468,1
4469,5
4470,5
4471,5
4472,5
4473,5
4474,5
4475,3
4476,3
4477,5
4478,1
4479,1
4480,3
4481,3
4482,5
4483,1
4484,5
4485,3
4486,3
4487,1
4488,3
4489,3
4490,4
4491,1
4492,3
4493,1
4494,5
4495,5
4496,0
4497,1
4498,5
4499,3
4500,3
4501,5
4502,3
4503,5
4504,3
4505,5
4506,5
4507,5
4508,3
4509,3
4510,1
4511,3
4512,3
4513,3
4514,1
4515,1
4516,3
4517,1
4518,3
4519,3
4520,3
4521,3
4522,1
4523,3
4524,5
4525,4
4526,5
4527,0
4528,5
4529,0
4530,3
4531,0
4532,5
4533,1
4534,3
4535,1
4536,5
4537,0
4538,4
4539,5
4540,5
4541,2
4542,3
4543,4
4544,3
4545,3
4546,5
4547,5
4548,2
4549,3
4550,3
4551,3
4552,3
4553,3
4554,5
4555,5
4556,3
4557,5
4558,3
4559,0
4560,2
4561,4
4562,5
4563,5
4564,3
4565,3
4566,3
4567,5
4568,5
4569,0
4570,5
4571,3
4572,3
4573,1
4574,3
4575,2
4576,1
4577,3
4578,3
4579,3
4580,3
4581,3
4582,4
4583,0
4584,3
4585,4
4586,5
4587,5
4588,5
4589,1
4590,1
4591,3
4592,5
4593,3
4594,5
4595,0
4596,3
4597,4
4598,3
4599,3
4600,3
4601,5
4602,3
4603,2
4604,5
4605,5
4606,3
4607,3
4608,3
4609,4
4610,1
4611,5
4612,1
4613,3
4614,3
4615,1
4616,3
4617,2
4618,4
4619,1
4620,3
4621,3
4622,3
4623,5
4624,1
4625,3
4626,3
4627,0
4628,3
4629,5
4630,5
4631,5
4632,3
4633,3
4634,3
4635,2
4636,3
4637,3
4638,1
4639,3
4640,3
4641,5
4642,3
4643,5
4644,1
4645,4
4646,1
4647,3
4648,5
4649,3
4650,3
4651,4
4652,3
4653,5
4654,3
4655,3
4656,5
4657,1
4658,5
4659,1
4660,1
4661,5
4662,1
4663,1
4664,3
4665,4
4666,3
4667,1
4668,3
4669,3
4670,3
4671,1
4672,1
4673,3
4674,5
4675,5
4676,3
4677,5
4678,5
4679,1
4680,2
4681,5
4682,5
4683,3
4684,1
4685,3
4686,3
4687,5
4688,5
4689,5
4690,1
4691,4
4692,3
4693,4
4694,1
4695,3
4696,3
4697,2
4698,3
4699,4
4700,1
4701,3
4702,4
4703,4
4704,5
4705,5
4706,1
4707,3
4708,1
4709,3
4710,3
4711,3
4712,4
4713,5
4714,3
4715,3
4716,1
4717,3
4718,3
4719,3
4720,3
4721,3
4722,4
4723,5
4724,3
4725,3
4726,5
4727,5
4728,3
4729,5
4730,3
4731,3
4732,3
4733,3
4734,4
4735,5
4736,1
4737,5
4738,5
4739,1
4740,3
4741,4
4742,3
4743,0
4744,4
4745,5
4746,1
4747,5
4748,3
4749,3
4750,3
4751,3
4752,4
4753,4
4754,5
4755,5
4756,0
4757,3
4758,1
4759,3
4760,3
4761,3
4762,1
4763,5
4764,3
4765,3
4766,1
4767,3
4768,1
4769,3
4770,3
4771,1
4772,0
4773,3
4774,3
4775,5
4776,5
4777,3
4778,5
4779,5
4780,1
4781,3
4782,5
4783,5
4784,3
4785,3
4786,3
4787,5
4788,4
4789,3
4790,3
4791,4
4792,5
4793,3
4794,2
4795,3
4796,3
4797,3
4798,2
4799,3
4800,3
4801,5
4802,3
4803,3
4804,5
4805,5
4806,5
4807,1
4808,5
4809,3
4810,4
4811,5
4812,3
4813,3
4814,4
4815,1
4816,3
4817,3
4818,3
4819,3
4820,4
4821,3
4822,4
4823,3
4824,5
4825,1
4826,2
4827,3
4828,3
4829,4
4830,5
4831,3
4832,5
4833,3
4834,3
4835,1
4836,3
4837,3
4838,5
4839,5
4840,5
4841,5
4842,3
4843,1
4844,3
4845,5
4846,3
4847,5
4848,3
4849,3
4850,5
4851,3
4852,3
4853,3
4854,3
4855,3
4856,3
4857,1
4858,3
4859,3
4860,5
4861,3
4862,1
4863,1
4864,4
4865,3
4866,3
4867,4
4868,5
4869,3
4870,3
4871,4
4872,3
4873,3
4874,3
4875,3
4876,5
4877,1
4878,4
4879,3
4880,3
4881,1
4882,5
4883,3
4884,0
4885,0
4886,1
4887,1
4888,1
4889,5
4890,1
4891,3
4892,0
4893,1
4894,3
4895,5
4896,1
4897,3
4898,3
4899,1
4900,1
4901,5
4902,4
4903,5
4904,4
4905,5
4906,3
4907,3
4908,1
4909,3
4910,5
4911,3
4912,1
4913,5
4914,5
4915,3
4916,5
4917,3
4918,3
4919,5
4920,3
4921,4
4922,3
4923,5
4924,3
4925,0
4926,5
4927,5
4928,5
4929,3
4930,3
4931,5
4932,3
4933,1
4934,5
4935,3
4936,1
4937,3
4938,3
4939,1
4940,3
4941,3
4942,3
4943,1
4944,3
4945,3
4946,1
4947,3
4948,4
4949,3
4950,3
4951,5
4952,3
4953,3
4954,3
4955,3
4956,5
4957,4
4958,5
4959,1
4960,3
4961,5
4962,5
4963,0
4964,5
4965,3
4966,3
4967,3
4968,3
4969,3
4970,0
4971,5
4972,4
4973,5
4974,5
4975,3
4976,3
4977,1
4978,5
4979,5
4980,5
4981,4
4982,5
4983,3
4984,2
4985,3
4986,3
4987,5
4988,5
4989,3
4990,3
4991,3
4992,3
4993,1
4994,0
4995,4
4996,3
4997,5
4998,3
4999,3
5000,5
5001,3
5002,5
5003,1
5004,1
5005,5
5006,5
5007,3
5008,1
5009,3
5010,5
5011,5
5012,5
5013,1
5014,4
5015,3
5016,5
5017,3
5018,1
5019,0
5020,3
5021,4
5022,3
5023,1
5024,3
5025,3
5026,4
5027,4
5028,3
5029,3
5030,1
5031,0
5032,5
5033,5
5034,4
5035,4
5036,3
5037,5
5038,3
5039,3
5040,3
5041,1
5042,1
5043,3
5044,1
5045,3
5046,5
5047,3
5048,1
5049,1
5050,0
5051,5
5052,3
5053,4
5054,3
5055,3
5056,3
5057,3
5058,1
5059,3
5060,1
5061,5
5062,3
5063,5
5064,5
5065,3
5066,3
5067,5
5068,3
5069,5
5070,2
5071,2
5072,3
5073,5
5074,4
5075,3
5076,3
5077,4
5078,4
5079,1
5080,5
5081,5
5082,0
5083,3
5084,1
5085,3
5086,3
5087,5
5088,1
5089,1
5090,5
5091,5
5092,3
5093,5
5094,4
5095,3
5096,3
5097,3
5098,3
5099,5
5100,5
5101,0
5102,1
5103,3
5104,5
5105,3
5106,5
5107,3
5108,3
5109,5
5110,0
5111,4
5112,5
5113,4
5114,1
5115,3
5116,1
5117,3
5118,3
5119,5
5120,4
5121,3
5122,5
5123,0
5124,5
5125,5
5126,3
5127,1
5128,5
5129,3
5130,3
5131,0
5132,3
5133,3
5134,3
5135,3
5136,3
5137,2
5138,3
5139,3
5140,3
5141,3
5142,1
5143,1
5144,5
5145,3
5146,3
5147,3
5148,5
5149,1
5150,5
5151,3
5152,4
5153,5
5154,3
5155,4
5156,1
5157,3
5158,4
5159,3
5160,5
5161,5
5162,5
5163,1
5164,3
5165,5
5166,1
5167,3
5168,5
5169,5
5170,1
5171,3
5172,3
5173,3
5174,3
5175,5
5176,5
5177,5
5178,3
5179,5
5180,5
5181,1
5182,5
5183,3
5184,3
5185,3
5186,5
5187,3
5188,3
5189,3
5190,1
5191,5
5192,3
5193,5
5194,1
5195,3
5196,3
5197,3
5198,5
5199,4
5200,1
5201,5
5202,3
5203,3
5204,3
5205,5
5206,4
5207,1
5208,3
5209,1
5210,5
5211,4
5212,3
5213,3
5214,3
5215,5
5216,3
5217,5
5218,3
5219,3
5220,1
5221,5
5222,1
5223,5
5224,5
5225,4
5226,3
5227,5
5228,3
5229,3
5230,1
5231,1
5232,1
5233,3
5234,3
5235,1
5236,3
5237,5
5238,3
5239,5
5240,5
5241,4
5242,3
5243,1
5244,4
5245,1
5246,5
5247,1
5248,4
5249,0
5250,1
5251,3
5252,3
5253,4
5254,3
5255,3
5256,3
5257,1
5258,1
5259,5
5260,1
5261,5
5262,5
5263,2
5264,5
5265,5
5266,3
5267,5
5268,1
5269,3
5270,3
5271,0
5272,3
5273,3
5274,3
5275,3
5276,4
5277,1
5278,3
5279,3
5280,3
5281,1
5282,3
5283,3
5284,0
5285,3
5286,5
5287,3
5288,3
5289,3
5290,3
5291,1
5292,3
5293,5
5294,3
5295,5
5296,3
5297,3
5298,3
5299,3
5300,3
5301,5
5302,3
5303,3
5304,0
5305,3
5306,1
5307,1
5308,3
5309,3
5310,1
5311,0
5312,5
5313,4
5314,3
5315,1
5316,1
5317,4
5318,5
5319,3
5320,4
5321,5
5322,5
5323,3
5324,3
5325,5
5326,5
5327,4
5328,2
5329,3
5330,0
5331,5
5332,4
5333,1
5334,3
5335,1
5336,3
5337,3
5338,3
5339,3
5340,5
5341,1
5342,5
5343,5
5344,3
5345,1
5346,1
5347,5
5348,2
5349,5
5350,2
5351,1
5352,3
5353,3
5354,3
5355,4
5356,3
5357,5
5358,5
5359,5
5360,3
5361,0
5362,4
5363,3
5364,5
5365,5
5366,3
5367,3
5368,5
5369,5
5370,3
5371,3
5372,5
5373,1
5374,4
5375,3
5376,1
5377,3
5378,5
5379,5
5380,2
5381,2
5382,5
5383,3
5384,3
5385,3
5386,1
5387,3
5388,2
5389,0
5390,3
5391,3
5392,3
5393,1
5394,3
5395,5
5396,5
5397,3
5398,1
5399,5
5400,5
5401,3
5402,5
5403,5
5404,4
5405,5
5406,5
5407,5
5408,3
5409,5
5410,3
5411,3
5412,5
5413,3
5414,5
5415,3
5416,3
5417,0
5418,5
5419,3
5420,0
5421,5
5422,0
5423,3
5424,3
5425,3
5426,1
5427,5
5428,5
5429,1
5430,3
5431,3
5432,3
5433,3
5434,5
5435,1
5436,1
5437,3
5438,3
5439,5
5440,3
5441,3
5442,5
5443,3
5444,4
5445,3
5446,3
5447,5
5448,3
5449,5
5450,4
5451,3
5452,1
5453,3
5454,3
5455,3
5456,3
5457,3
5458,3
5459,1
5460,1
5461,3
5462,2
5463,5
5464,3
5465,3
5466,5
5467,3
5468,1
5469,1
5470,3
5471,5
5472,3
5473,4
5474,3
5475,1
5476,5
5477,3
5478,4
5479,3
5480,3
5481,3
5482,3
5483,5
5484,3
5485,3
5486,0
5487,5
5488,3
5489,3
5490,3
5491,5
5492,3
5493,1
5494,1
5495,5
5496,4
5497,3
5498,3
5499,3
5500,3
5501,5
5502,1
5503,3
5504,5
5505,3
5506,1
5507,1
5508,5
5509,3
5510,3
5511,5
5512,3
5513,0
5514,5
5515,4
5516,3
5517,1
5518,3
5519,5
5520,3
5521,3
5522,1
5523,5
5524,2
5525,5
5526,5
5527,3
5528,5
5529,1
5530,5
5531,0
5532,4
5533,3
5534,1
5535,5
5536,5
5537,1
5538,4
5539,2
5540,3
5541,5
5542,1
5543,3
5544,4
5545,3
5546,5
5547,3
5548,5
5549,1
5550,3
5551,3
5552,3
5553,1
5554,5
5555,5
5556,3
5557,3
5558,5
5559,5
5560,1
5561,3
5562,5
5563,5
5564,3
5565,5
5566,3
5567,5
5568,5
5569,3
5570,3
5571,5
5572,5
5573,5
5574,3
5575,3
5576,3
5577,4
5578,5
5579,4
5580,3
5581,0
5582,3
5583,1
5584,3
5585,3
5586,5
5587,1
5588,4
5589,3
5590,2
5591,5
5592,3
5593,5
5594,3
5595,1
5596,3
5597,1
5598,5
5599,5
5600,5
5601,3
5602,3
5603,1
5604,3
5605,3
5606,1
5607,3
5608,4
5609,4
5610,1
5611,5
5612,5
5613,1
5614,1
5615,3
5616,3
5617,3
5618,2
5619,3
5620,1
5621,5
5622,3
5623,3
5624,5
5625,3
5626,3
5627,1
5628,5
5629,3
5630,5
5631,1
5632,4
5633,3
5634,3
5635,3
5636,1
5637,1
5638,4
5639,3
5640,3
5641,3
5642,3
5643,1
5644,1
5645,4
5646,0
5647,3
5648,3
5649,4
5650,3
5651,1
5652,5
5653,5
5654,3
5655,1
5656,3
5657,1
5658,3
5659,1
5660,4
5661,1
5662,1
5663,3
5664,3
5665,4
5666,5
5667,1
5668,2
5669,3
5670,4
5671,0
5672,3
5673,3
5674,3
5675,1
5676,5
5677,3
5678,1
5679,3
5680,2
5681,3
5682,1
5683,5
5684,3
5685,3
5686,3
5687,0
5688,3
5689,4
5690,1
5691,5
5692,5
5693,3
5694,3
5695,1
5696,3
5697,1
5698,1
5699,5
5700,4
5701,5
5702,2
5703,3
5704,3
5705,3
5706,5
5707,3
5708,3
5709,3
5710,5
5711,3
5712,3
5713,0
5714,2
5715,3
5716,5
5717,5
5718,2
5719,0
5720,1
5721,1
5722,3
5723,3
5724,3
5725,3
5726,3
5727,3
5728,3
5729,3
5730,5
5731,1
5732,1
5733,4
5734,5
5735,5
5736,4
5737,4
5738,0
5739,4
5740,5
5741,5
5742,1
5743,1
5744,4
5745,5
5746,1
5747,0
5748,5
5749,3
5750,1
5751,5
5752,3
5753,3
5754,3
5755,4
5756,3
5757,2
5758,4
5759,0
5760,3
5761,5
5762,3
5763,4
5764,3
5765,5
5766,3
5767,2
5768,2
5769,3
5770,5
5771,3
5772,3
5773,4
5774,5
5775,3
5776,4
5777,5
5778,3
5779,1
5780,3
5781,3
5782,3
5783,3
5784,3
5785,1
5786,3
5787,5
5788,3
5789,5
5790,1
5791,5
5792,5
5793,5
5794,1
5795,3
5796,0
5797,3
5798,5
5799,3
5800,3
5801,5
5802,5
5803,4
5804,1
5805,1
5806,3
5807,5
5808,3
5809,4
5810,3
5811,5
5812,4
5813,5
5814,5
5815,5
5816,5
5817,3
5818,5
5819,3
5820,1
5821,0
5822,3
5823,4
5824,5
5825,3
5826,1
5827,3
5828,5
5829,0
5830,5
5831,3
5832,3
5833,3
5834,1
5835,3
5836,5
5837,3
5838,5
5839,0
5840,1
5841,5
5842,1
5843,5
5844,1
5845,3
5846,5
5847,4
5848,3
5849,4
5850,3
5851,3
5852,4
5853,3
5854,3
5855,3
5856,5
5857,5
5858,0
5859,5
5860,3
5861,0
5862,3
5863,3
5864,1
5865,2
5866,1
5867,3
5868,1
5869,5
5870,5
5871,5
5872,3
5873,5
5874,3
5875,3
5876,5
5877,1
5878,1
5879,3
5880,1
5881,3
5882,3
5883,3
5884,4
5885,4
5886,5
5887,1
5888,4
5889,1
5890,3
5891,5
5892,3
5893,3
5894,3
5895,3
5896,3
5897,3
5898,3
5899,3
5900,3
5901,1
5902,0
5903,4
5904,5
5905,5
5906,5
5907,5
5908,3
5909,2
5910,1
5911,0
5912,5
5913,5
5914,4
5915,3
5916,3
5917,3
5918,3
5919,1
5920,5
5921,3
5922,3
5923,4
5924,5
5925,4
5926,3
5927,3
5928,3
5929,3
5930,3
5931,3
5932,1
5933,4
5934,5
5935,3
5936,1
5937,1
5938,3
5939,3
5940,3
5941,1
5942,3
5943,0
5944,5
5945,3
5946,0
5947,3
5948,3
5949,5
5950,5
5951,1
5952,1
5953,5
5954,5
5955,3
5956,1
5957,5
5958,3
5959,3
5960,5
5961,4
5962,3
5963,3
5964,5
5965,1
5966,1
5967,3
5968,5
5969,3
5970,1
5971,1
5972,1
5973,1
5974,4
5975,1
5976,4
5977,3
5978,3
5979,3
5980,3
5981,5
5982,3
5983,3
5984,5
5985,0
5986,3
5987,5
5988,3
5989,4
5990,3
5991,1
5992,3
5993,5
5994,4
5995,4
5996,3
5997,1
5998,1
5999,3
6000,5
6001,5
6002,3
6003,1
6004,3
6005,3
6006,0
6007,3
6008,2
6009,1
6010,4
6011,3
6012,0
6013,3
6014,5
6015,1
6016,1
6017,3
6018,3
6019,5
6020,4
6021,4
6022,3
6023,5
6024,3
6025,3
6026,5
6027,0
6028,5
6029,3
6030,3
6031,0
6032,0
6033,1
6034,5
6035,5
6036,3
6037,3
6038,5
6039,4
6040,3
6041,1
6042,5
6043,5
6044,5
6045,5
6046,3
6047,3
6048,1
6049,3
6050,3
6051,5
6052,4
6053,5
6054,3
6055,1
6056,3
6057,1
6058,3
6059,5
6060,3
6061,5
6062,5
6063,3
6064,1
6065,5
6066,3
6067,0
6068,3
6069,1
6070,5
6071,1
6072,0
6073,2
6074,3
6075,5
6076,1
6077,3
6078,3
6079,5
6080,5
6081,3
6082,5
6083,5
6084,3
6085,1
6086,1
6087,5
6088,3
6089,4
6090,3
6091,3
6092,3
6093,1
6094,2
6095,3
6096,3
6097,4
6098,3
6099,5
6100,4
6101,5
6102,5
6103,3
6104,3
6105,3
6106,5
6107,5
6108,3
6109,3
6110,1
6111,3
6112,0
6113,4
6114,1
6115,3
6116,3
6117,5
6118,5
6119,3
6120,5
6121,3
6122,1
6123,3
6124,3
6125,5
6126,1
6127,4
6128,1
6129,0
6130,5
6131,3
6132,3
6133,2
6134,0
6135,5
6136,5
6137,5
6138,1
6139,5
6140,3
6141,5
6142,5
6143,5
6144,1
6145,3
6146,1
6147,4
6148,1
6149,5
6150,1
6151,3
6152,3
6153,1
6154,3
6155,3
6156,1
6157,3
6158,3
6159,3
6160,5
6161,5
6162,4
6163,3
6164,5
6165,3
6166,3
6167,3
6168,3
6169,5
6170,3
6171,3
6172,3
6173,4
6174,2
6175,5
6176,5
6177,1
6178,5
6179,3
6180,4
6181,5
6182,1
6183,3
6184,3
6185,3
6186,5
6187,3
6188,1
6189,3
6190,3
6191,3
6192,5
6193,4
6194,1
6195,4
6196,2
6197,3
6198,5
6199,3
6200,3
6201,1
6202,5
6203,5
6204,3
6205,5
6206,5
6207,3
6208,1
6209,1
6210,5
6211,1
6212,5
6213,1
6214,5
6215,1
6216,3
6217,0
6218,1
6219,3
6220,0
6221,5
6222,1
6223,3
6224,2
6225,5
6226,1
6227,1
6228,3
6229,5
6230,1
6231,1
6232,5
6233,5
6234,3
6235,5
6236,4
6237,3
6238,2
6239,1
6240,5
6241,4
6242,3
6243,3
6244,5
6245,3
6246,5
6247,1
6248,3
6249,3
6250,1
6251,1
6252,3
6253,3
6254,5
6255,5
6256,4
6257,5
6258,3
6259,3
6260,3
6261,4
6262,5
6263,3
6264,3
6265,2
6266,4
6267,5
6268,1
6269,3
6270,5
6271,3
6272,3
6273,0
6274,1
6275,4
6276,4
6277,0
6278,5
6279,1
6280,4
6281,3
6282,3
6283,1
6284,3
6285,5
6286,3
6287,5
6288,3
6289,3
6290,0
6291,3
6292,0
6293,3
6294,3
6295,3
6296,0
6297,0
6298,4
6299,3
6300,3
6301,2
6302,4
6303,3
6304,3
6305,1
6306,5
6307,3
6308,5
6309,3
6310,3
6311,5
6312,3
6313,3
6314,3
6315,1
6316,3
6317,3
6318,0
6319,1
6320,5
6321,5
6322,1
6323,3
6324,3
6325,1
6326,4
6327,5
6328,5
6329,3
6330,3
6331,3
6332,5
6333,5
6334,3
6335,3
6336,3
6337,2
6338,2
6339,1
6340,0
6341,5
6342,5
6343,3
6344,4
6345,5
6346,3
6347,5
6348,5
6349,1
6350,3
6351,5
6352,1
6353,5
6354,1
6355,5
6356,5
6357,3
6358,2
6359,1
6360,1
6361,3
6362,3
6363,5
6364,3
6365,3
6366,5
6367,3
6368,3
6369,1
6370,2
6371,4
6372,3
6373,1
6374,5
6375,5
6376,3
6377,3
6378,5
6379,3
6380,3
6381,5
6382,4
6383,4
6384,3
6385,3
6386,3
6387,1
6388,1
6389,3
6390,5
6391,1
6392,5
6393,5
6394,5
6395,3
6396,5
6397,3
6398,3
6399,5
6400,3
6401,5
6402,3
6403,3
6404,0
6405,3
6406,5
6407,4
6408,3
6409,1
6410,5
6411,1
6412,5
6413,3
6414,2
6415,3
6416,0
6417,5
6418,1
6419,5
6420,4
6421,3
6422,1
6423,3
6424,3
6425,0
6426,3
6427,4
6428,5
6429,1
6430,0
6431,5
6432,5
6433,1
6434,3
6435,3
6436,3
6437,3
6438,3
6439,5
6440,3
6441,3
6442,5
6443,5
6444,3
6445,5
6446,5
6447,3
6448,5
6449,4
6450,3
6451,5
6452,3
6453,3
6454,5
6455,1
6456,1
6457,5
6458,5
6459,5
6460,3
6461,3
6462,3
6463,5
6464,3
6465,4
6466,1
6467,5
6468,1
6469,5
6470,1
6471,3
6472,0
6473,5
6474,2
6475,3
6476,5
6477,4
6478,3
6479,3
6480,3
6481,3
6482,2
6483,3
6484,4
6485,3
6486,5
6487,3
6488,4
6489,3
6490,5
6491,3
6492,5
6493,5
6494,3
6495,5
6496,4
6497,3
6498,1
6499,1
6500,4
6501,3
6502,1
6503,3
6504,5
6505,1
6506,5
6507,3
6508,3
6509,3
6510,3
6511,0
6512,2
6513,3
6514,3
6515,3
6516,4
6517,5
6518,4
6519,2
6520,3
6521,5
6522,1
6523,5
6524,2
6525,3
6526,1
6527,5
6528,1
6529,0
6530,1
6531,1
6532,3
6533,3
6534,3
6535,3
6536,3
6537,5
6538,3
6539,1
6540,5
6541,5
6542,3
6543,3
6544,3
6545,3
6546,1
6547,1
6548,1
6549,3
6550,5
6551,5
6552,3
6553,3
6554,3
6555,1
6556,0
6557,3
6558,3
6559,5
6560,3
6561,1
6562,1
6563,2
6564,3
6565,4
6566,3
6567,3
6568,1
6569,3
6570,3
6571,5
6572,3
6573,3
6574,1
6575,5
6576,3
6577,5
6578,0
6579,5
6580,3
6581,3
6582,3
6583,1
6584,5
6585,3
6586,3
6587,3
6588,1
6589,0
6590,4
6591,3
6592,3
6593,3
6594,5
6595,3
6596,5
6597,3
6598,5
6599,3
6600,0
6601,3
6602,3
6603,3
6604,5
6605,3
6606,5
6607,3
6608,5
6609,3
6610,5
6611,0
6612,3
6613,3
6614,3
6615,5
6616,3
6617,1
6618,3
6619,1
6620,3
6621,3
6622,3
6623,5
6624,4
6625,5
6626,4
6627,3
6628,4
6629,3
6630,4
6631,0
6632,5
6633,3
6634,2
6635,5
6636,3
6637,3
6638,4
6639,5
6640,5
6641,1
6642,3
6643,1
6644,3
6645,3
6646,3
6647,1
6648,3
6649,5
6650,5
6651,3
6652,3
6653,5
6654,0
6655,1
6656,1
6657,0
6658,5
6659,3
6660,3
6661,5
6662,3
6663,5
6664,1
6665,1
6666,3
6667,1
6668,5
6669,5
6670,5
6671,5
6672,2
6673,3
6674,5
6675,2
6676,3
6677,4
6678,1
6679,5
6680,1
6681,3
6682,4
6683,3
6684,3
6685,5
6686,3
6687,5
6688,5
6689,3
6690,3
6691,1
6692,1
6693,5
6694,5
6695,5
6696,3
6697,3
6698,3
6699,5
6700,0
6701,1
6702,5
6703,2
6704,3
6705,1
6706,3
6707,5
6708,3
6709,3
6710,5
6711,5
6712,4
6713,3
6714,4
6715,1
6716,3
6717,4
6718,5
6719,3
6720,3
6721,5
6722,3
6723,0
6724,3
6725,3
6726,0
6727,3
6728,1
6729,5
6730,3
6731,3
6732,3
6733,3
6734,4
6735,1
6736,3
6737,4
6738,3
6739,5
6740,3
6741,5
6742,5
6743,4
6744,3
6745,5
6746,5
6747,0
6748,3
6749,3
6750,1
6751,1
6752,1
6753,5
6754,3
6755,1
6756,1
6757,1
6758,3
6759,1
6760,3
6761,3
6762,5
6763,3
6764,3
6765,3
6766,1
6767,2
6768,3
6769,4
6770,3
6771,5
6772,3
6773,1
6774,0
6775,5
6776,3
6777,5
6778,3
6779,3
6780,5
6781,2
6782,2
6783,5
6784,3
6785,3
6786,1
6787,5
6788,5
6789,5
6790,1
6791,3
6792,4
6793,1
6794,3
6795,3
6796,5
6797,1
6798,5
6799,3
6800,3
6801,4
6802,5
6803,1
6804,5
6805,3
6806,3
6807,5
6808,5
6809,3
6810,5
6811,3
6812,3
6813,3
6814,1
6815,3
6816,0
6817,3
6818,3
6819,5
6820,1
6821,5
6822,3
6823,5
6824,5
6825,3
6826,1
6827,3
6828,3
6829,3
6830,3
6831,4
6832,0
6833,3
6834,3
6835,5
6836,3
6837,3
6838,3
6839,3
6840,3
6841,1
6842,3
6843,3
6844,1
6845,4
6846,5
6847,2
6848,3
6849,2
6850,3
6851,3
6852,5
6853,3
6854,4
6855,3
6856,1
6857,3
6858,5
6859,4
6860,3
6861,3
6862,1
6863,1
6864,5
6865,3
6866,1
6867,3
6868,3
6869,4
6870,3
6871,1
6872,5
6873,3
6874,3
6875,5
6876,3
6877,5
6878,3
6879,1
6880,3
6881,1
6882,5
6883,3
6884,3
6885,3
6886,3
6887,5
6888,3
6889,3
6890,3
6891,3
6892,3
6893,1
6894,4
6895,3
6896,1
6897,5
6898,3
6899,3
6900,2
6901,5
6902,5
6903,3
6904,3
6905,4
6906,5
6907,5
6908,3
6909,1
6910,1
6911,0
6912,3
6913,3
6914,3
6915,5
6916,3
6917,5
6918,3
6919,5
6920,3
6921,4
6922,5
6923,5
6924,3
6925,3
6926,5
6927,3
6928,3
6929,5
6930,1
6931,3
6932,4
6933,3
6934,3
6935,3
6936,1
6937,1
6938,3
6939,5
6940,3
6941,3
6942,1
6943,2
6944,3
6945,5
6946,5
6947,1
6948,3
6949,3
6950,2
6951,3
6952,4
6953,3
6954,5
6955,2
6956,3
6957,3
6958,5
6959,3
6960,1
6961,0
6962,5
6963,3
6964,5
6965,5
6966,1
6967,5
6968,5
6969,0
6970,3
6971,3
6972,5
6973,5
6974,3
6975,0
6976,3
6977,4
6978,3
6979,4
6980,2
6981,5
6982,1
6983,3
6984,0
6985,3
6986,0
6987,4
6988,5
6989,5
6990,1
6991,4
6992,3
6993,3
6994,3
6995,0
6996,0
6997,5
6998,1
6999,3
7000,2
7001,5
7002,3
7003,3
7004,3
7005,3
7006,5
7007,2
7008,3
7009,2
7010,3
7011,1
7012,1
7013,0
7014,3
7015,4
7016,5
7017,5
7018,2
7019,4
7020,3
7021,3
7022,3
7023,0
7024,3
7025,5
7026,5
7027,5
7028,5
7029,3
7030,5
7031,5
7032,1
7033,2
7034,2
7035,1
7036,3
7037,0
7038,3
7039,3
7040,1
7041,1
7042,3
7043,4
7044,3
7045,5
7046,3
7047,3
7048,5
7049,1
7050,3
7051,5
7052,4
7053,4
7054,3
7055,3
7056,2
7057,2
7058,0
7059,3
7060,1
7061,3
7062,4
7063,5
7064,4
7065,5
7066,3
7067,5
7068,3
7069,0
7070,1
7071,5
7072,3
7073,3
7074,1
7075,1
7076,5
7077,0
7078,3
7079,5
7080,3
7081,5
7082,3
7083,3
7084,4
7085,5
7086,5
7087,4
7088,5
7089,3
7090,1
7091,5
7092,3
7093,3
7094,3
7095,5
7096,5
7097,5
7098,1
7099,5
7100,3
7101,5
7102,5
7103,3
7104,2
7105,5
7106,3
7107,3
7108,0
7109,0
7110,1
7111,2
7112,3
7113,5
7114,0
7115,1
7116,0
7117,1
7118,5
7119,1
7120,3
7121,1
7122,3
7123,3
7124,5
7125,5
7126,1
7127,5
7128,5
7129,4
7130,5
7131,5
7132,3
7133,5
7134,5
7135,1
7136,3
7137,3
7138,5
7139,3
7140,5
7141,3
7142,5
7143,3
7144,3
7145,3
7146,3
7147,5
7148,3
7149,1
7150,4
7151,3
7152,5
7153,5
7154,3
7155,5
7156,1
7157,3
7158,1
7159,5
7160,5
7161,3
7162,0
7163,3
7164,5
7165,5
7166,5
7167,3
7168,0
7169,3
7170,3
7171,5
7172,4
7173,4
7174,3
7175,5
7176,0
7177,3
7178,1
7179,3
7180,5
7181,3
7182,3
7183,5
7184,3
7185,3
7186,0
7187,5
7188,3
7189,3
7190,5
7191,3
7192,0
7193,5
7194,5
7195,4
7196,1
7197,3
7198,1
7199,4
7200,5
7201,5
7202,3
7203,1
7204,5
7205,3
7206,5
7207,3
7208,3
7209,5
7210,1
7211,3
7212,5
7213,1
7214,3
7215,5
7216,3
7217,3
7218,1
7219,1
7220,0
7221,3
7222,1
7223,3
7224,4
7225,3
7226,4
7227,5
7228,1
7229,4
7230,5
7231,3
7232,3
7233,5
7234,1
7235,2
7236,1
7237,3
7238,5
7239,3
7240,5
7241,3
7242,5
7243,5
7244,3
7245,4
7246,4
7247,1
7248,3
7249,1
7250,3
7251,1
7252,1
7253,5
7254,3
7255,3
7256,3
7257,1
7258,5
7259,3
7260,3
7261,4
7262,3
7263,5
7264,5
7265,5
7266,1
7267,3
7268,3
7269,4
7270,3
7271,5
7272,5
7273,3
7274,5
7275,3
7276,3
7277,3
7278,3
7279,5
7280,3
7281,1
7282,5
7283,1
7284,3
7285,3
7286,1
7287,5
7288,3
7289,5
7290,0
7291,3
7292,1
7293,5
7294,4
7295,3
7296,1
7297,3
7298,1
7299,5
7300,4
7301,1
7302,1
7303,3
7304,1
7305,3
7306,5
7307,2
7308,1
7309,1
7310,3
7311,1
7312,5
7313,1
7314,5
7315,0
7316,5
7317,3
7318,3
7319,5
7320,3
7321,4
7322,3
7323,3
7324,3
7325,5
7326,5
7327,2
7328,5
7329,5
7330,3
7331,1
7332,1
7333,5
7334,3
7335,5
7336,2
7337,5
7338,5
7339,5
7340,5
7341,5
7342,3
7343,3
7344,3
7345,5
7346,4
7347,5
7348,4
7349,4
7350,5
7351,3
7352,1
7353,5
7354,3
7355,3
7356,0
7357,5
7358,3
7359,5
7360,3
7361,5
7362,3
7363,5
7364,5
7365,3
7366,5
7367,3
7368,3
7369,5
7370,3
7371,5
7372,3
7373,3
7374,5
7375,1
7376,3
7377,4
7378,3
7379,1
7380,3
7381,5
7382,3
7383,3
7384,3
7385,0
7386,1
7387,1
7388,3
7389,3
7390,1
7391,1
7392,3
7393,1
7394,3
7395,3
7396,1
7397,3
7398,1
7399,1
7400,1
7401,3
7402,2
7403,3
7404,5
7405,3
7406,5
7407,3
7408,3
7409,3
7410,1
7411,1
7412,0
7413,3
7414,3
7415,3
7416,3
7417,3
7418,1
7419,3
7420,3
7421,1
7422,1
7423,1
7424,5
7425,3
7426,3
7427,5
7428,3
7429,5
7430,3
7431,1
7432,3
7433,3
7434,3
7435,0
7436,1
7437,4
7438,3
7439,3
7440,3
7441,1
7442,3
7443,3
7444,4
7445,3
7446,3
7447,3
7448,1
7449,1
7450,0
7451,5
7452,5
7453,5
7454,1
7455,5
7456,3
7457,5
7458,0
7459,1
7460,4
7461,4
7462,5
7463,3
7464,1
7465,5
7466,1
7467,5
7468,2
7469,3
7470,3
7471,5
7472,5
7473,3
7474,0
7475,4
7476,3
7477,3
7478,3
7479,5
7480,5
7481,5
7482,3
7483,3
7484,3
7485,1
7486,3
7487,4
7488,3
7489,3
7490,0
7491,5
7492,5
7493,3
7494,1
7495,5
7496,5
7497,3
7498,4
7499,5
7500,3
7501,3
7502,5
7503,3
7504,3
7505,1
7506,3
7507,1
7508,5
7509,3
7510,1
7511,3
7512,1
7513,3
7514,1
7515,3
7516,3
7517,5
7518,5
7519,4
7520,3
7521,5
7522,5
7523,3
7524,3
7525,3
7526,5
7527,5
7528,5
7529,4
7530,1
7531,4
7532,3
7533,4
7534,0
7535,5
7536,3
7537,3
7538,1
7539,3
7540,3
7541,4
7542,5
7543,1
7544,5
7545,3
7546,4
7547,3
7548,3
7549,3
7550,3
7551,3
7552,3
7553,1
7554,3
7555,5
7556,5
7557,3
7558,5
7559,3
7560,4
7561,2
7562,3
7563,1
7564,1
7565,1
7566,3
7567,5
7568,3
7569,2
7570,3
7571,5
7572,1
7573,3
7574,3
7575,1
7576,3
7577,5
7578,1
7579,5
7580,0
7581,3
7582,3
7583,5
7584,5
7585,2
7586,1
7587,5
7588,4
7589,3
7590,5
7591,3
7592,3
7593,1
7594,5
7595,3
7596,3
7597,1
7598,3
7599,5
7600,1
7601,1
7602,3
7603,3
7604,3
7605,5
7606,5
7607,1
7608,1
7609,3
7610,5
7611,4
7612,3
7613,4
7614,3
7615,3
7616,0
7617,5
7618,2
7619,3
7620,3
7621,0
7622,1
7623,5
7624,1
7625,1
7626,3
7627,3
7628,5
7629,0
7630,4
7631,1
7632,4
7633,1
7634,0
7635,1
7636,3
7637,3
7638,5
7639,4
7640,3
7641,1
7642,3
7643,4
7644,3
7645,5
7646,3
7647,1
7648,5
7649,4
7650,4
7651,5
7652,3
7653,5
7654,4
7655,3
7656,4
7657,3
7658,0
7659,5
7660,4
7661,3
7662,1
7663,3
7664,3
7665,0
7666,5
7667,4
7668,5
7669,3
7670,1
7671,5
7672,3
7673,1
7674,5
7675,1
7676,3
7677,4
7678,3
7679,5
7680,0
7681,0
7682,1
7683,3
7684,5
7685,3
7686,3
7687,3
7688,3
7689,2
7690,3
7691,0
7692,5
7693,3
7694,0
7695,3
7696,1
7697,3
7698,5
7699,5
7700,5
7701,2
7702,5
7703,0
7704,3
7705,5
7706,4
7707,1
7708,3
7709,1
7710,5
7711,1
7712,3
7713,1
7714,1
7715,5
7716,5
7717,5
7718,3
7719,5
7720,3
7721,1
7722,3
7723,1
7724,1
7725,1
7726,5
7727,3
7728,0
7729,3
7730,5
7731,5
7732,1
7733,1
7734,3
7735,1
7736,1
7737,3
7738,1
7739,0
7740,3
7741,4
7742,3
7743,3
7744,5
7745,3
7746,3
7747,3
7748,3
7749,1
7750,4
7751,3
7752,3
7753,1
7754,3
7755,5
7756,3
7757,3
7758,2
7759,3
7760,3
7761,5
7762,3
7763,3
7764,3
7765,5
7766,4
7767,5
7768,0
7769,3
7770,3
7771,5
7772,5
7773,3
7774,3
7775,3
7776,1
7777,5
7778,3
7779,3
7780,3
7781,4
7782,3
7783,4
7784,3
7785,3
7786,3
7787,3
7788,1
7789,3
7790,5
7791,3
7792,3
7793,3
7794,5
7795,0
7796,3
7797,3
7798,3
7799,4
7800,3
7801,1
7802,1
7803,1
7804,1
7805,5
7806,3
7807,1
7808,0
7809,3
7810,3
7811,4
7812,4
7813,5
7814,3
7815,4
7816,0
7817,5
7818,0
7819,3
7820,3
7821,3
7822,1
7823,3
7824,3
7825,4
7826,2
7827,5
7828,4
7829,4
7830,1
7831,5
7832,5
7833,5
7834,1
7835,4
7836,3
7837,3
7838,1
7839,3
7840,3
7841,3
7842,5
7843,3
7844,1
7845,1
7846,3
7847,5
7848,5
7849,4
7850,3
7851,5
7852,5
7853,3
7854,3
7855,5
7856,3
7857,5
7858,5
7859,3
7860,2
7861,3
7862,3
7863,3
7864,5
7865,5
7866,3
7867,3
7868,1
7869,5
7870,5
7871,5
7872,3
7873,5
7874,1
7875,3
7876,3
7877,3
7878,1
7879,0
7880,3
7881,3
7882,5
7883,3
7884,5
7885,3
7886,5
7887,3
7888,3
7889,0
7890,5
7891,3
7892,3
7893,3
7894,2
7895,1
7896,5
7897,2
7898,4
7899,3
7900,5
7901,3
7902,3
7903,5
7904,5
7905,2
7906,3
7907,3
7908,4
7909,3
7910,5
7911,4
7912,3
7913,5
7914,3
7915,5
7916,5
7917,3
7918,3
7919,3
7920,5
7921,3
7922,3
7923,0
7924,3
7925,3
7926,3
7927,5
7928,3
7929,3
7930,1
7931,3
7932,3
7933,5
7934,5
7935,3
7936,5
7937,5
7938,4
7939,3
7940,1
7941,5
7942,3
7943,3
7944,5
7945,3
7946,3
7947,5
7948,5
7949,3
7950,1
7951,0
7952,5
7953,5
7954,5
7955,5
7956,1
7957,3
7958,5
7959,4
7960,4
7961,1
7962,3
7963,3
7964,5
7965,2
7966,3
7967,4
7968,4
7969,3
7970,0
7971,3
7972,5
7973,4
7974,5
7975,2
7976,1
7977,4
7978,3
7979,5
7980,5
7981,5
7982,3
7983,5
7984,5
7985,1
7986,5
7987,5
7988,3
7989,3
7990,4
7991,5
7992,5
7993,4
7994,4
7995,3
7996,1
7997,3
7998,3
7999,3
8000,3
8001,3
8002,3
8003,5
8004,5
8005,5
8006,5
8007,3
8008,1
8009,3
8010,5
8011,3
8012,1
8013,1
8014,5
8015,3
8016,3
8017,3
8018,5
8019,3
8020,5
8021,1
8022,3
8023,3
8024,3
8025,5
8026,1
8027,1
8028,5
8029,5
8030,1
8031,5
8032,5
8033,3
8034,3
8035,3
8036,5
8037,5
8038,4
8039,3
8040,1
8041,3
8042,1
8043,0
8044,3
8045,0
8046,5
8047,5
8048,3
8049,3
8050,1
8051,5
8052,3
8053,1
8054,5
8055,1
8056,1
8057,3
8058,3
8059,5
8060,3
8061,1
8062,5
8063,3
8064,3
8065,3
8066,1
8067,3
8068,4
8069,3
8070,5
8071,3
8072,3
8073,4
8074,1
8075,5
8076,1
8077,4
8078,5
8079,3
8080,5
8081,3
8082,1
8083,3
8084,3
8085,3
8086,5
8087,5
8088,3
8089,5
8090,4
8091,2
8092,3
8093,5
8094,3
8095,5
8096,4
8097,3
8098,1
8099,3
8100,5
8101,4
8102,1
8103,0
8104,5
8105,3
8106,1
8107,4
8108,3
8109,5
8110,3
8111,5
8112,3
8113,3
8114,5
8115,3
8116,4
8117,3
8118,5
8119,0
8120,5
8121,3
8122,5
8123,3
8124,1
8125,5
8126,1
8127,3
8128,3
8129,3
8130,4
8131,1
8132,5
8133,1
8134,1
8135,1
8136,3
8137,3
8138,5
8139,1
8140,3
8141,1
8142,3
8143,3
8144,5
8145,4
8146,3
8147,4
8148,0
8149,5
8150,3
8151,4
8152,3
8153,5
8154,3
8155,3
8156,1
8157,5
8158,3
8159,0
8160,5
8161,5
8162,1
8163,3
8164,4
8165,1
8166,3
8167,3
8168,1
8169,5
8170,3
8171,3
8172,1
8173,3
8174,3
8175,3
8176,1
8177,5
8178,5
8179,5
8180,3
8181,3
8182,3
8183,3
8184,3
8185,5
8186,3
8187,1
8188,3
8189,3
8190,3
8191,5
8192,1
8193,5
8194,5
8195,3
8196,3
8197,3
8198,3
8199,3
8200,3
8201,3
8202,5
8203,4
8204,5
8205,3
8206,3
8207,5
8208,4
8209,4
8210,5
8211,3
8212,1
8213,3
8214,3
8215,1
8216,0
8217,3
8218,3
8219,5
8220,3
8221,3
8222,3
8223,1
8224,3
8225,5
8226,5
8227,5
8228,3
8229,4
8230,3
8231,4
8232,3
8233,3
8234,5
8235,3
8236,3
8237,5
8238,5
8239,3
8240,5
8241,5
8242,1
8243,3
8244,3
8245,3
8246,4
8247,5
8248,3
8249,5
8250,2
8251,0
8252,3
8253,1
8254,5
8255,1
8256,3
8257,3
8258,5
8259,5
8260,4
8261,0
8262,5
8263,3
8264,5
8265,3
8266,4
8267,3
8268,5
8269,5
8270,3
8271,5
8272,5
8273,3
8274,5
8275,1
8276,2
8277,3
8278,3
8279,3
8280,3
8281,3
8282,3
8283,1
8284,2
8285,5
8286,1
8287,4
8288,0
8289,5
8290,5
8291,1
8292,3
8293,1
8294,3
8295,5
8296,3
8297,4
8298,5
8299,1
8300,1
8301,3
8302,3
8303,3
8304,5
8305,4
8306,4
8307,3
8308,5
8309,5
8310,4
8311,5
8312,5
8313,5
8314,3
8315,5
8316,5
8317,4
8318,5
8319,3
8320,3
8321,3
8322,1
8323,3
8324,3
8325,5
8326,3
8327,3
8328,5
8329,3
8330,3
8331,1
8332,3
8333,2
8334,1
8335,5
8336,3
8337,3
8338,0
8339,3
8340,5
8341,3
8342,1
8343,4
8344,3
8345,5
8346,3
8347,5
8348,2
8349,5
8350,3
8351,3
8352,3
8353,3
8354,3
8355,3
8356,5
8357,0
8358,3
8359,5
8360,3
8361,5
8362,3
8363,5
8364,5
8365,3
8366,1
8367,3
8368,1
8369,3
8370,5
8371,5
8372,3
8373,3
8374,1
8375,3
8376,3
8377,5
8378,5
8379,3
8380,3
8381,5
8382,1
8383,5
8384,3
8385,5
8386,5
8387,3
8388,2
8389,5
8390,1
8391,3
8392,1
8393,3
8394,3
8395,3
8396,5
8397,0
8398,5
8399,5
8400,3
8401,3
8402,3
8403,1
8404,3
8405,5
8406,5
8407,3
8408,5
8409,3
8410,1
8411,3
8412,4
8413,1
8414,5
8415,3
8416,5
8417,1
8418,3
8419,3
8420,4
8421,3
8422,3
8423,1
8424,0
8425,4
8426,4
8427,3
8428,3
8429,5
8430,3
8431,0
8432,5
8433,5
8434,1
8435,3
8436,5
8437,3
8438,3
8439,0
